doctor_id,max_air_rank_needed_for_road_top_5,road_top_5_available_within_air_top_10,road_top_5_available_within_air_top_20,road_top_5_available_within_air_top_30,road_top_5_available_within_air_top_50
C2-110,6,1,1,1,1
C2-1110,12,0,1,1,1
C2-1112,5,1,1,1,1
C2-1115,6,1,1,1,1
C2-1123,13,0,1,1,1
C2-1135,8,1,1,1,1
C2-1143,6,1,1,1,1
C2-1147,9,1,1,1,1
C2-1148,8,1,1,1,1
C2-1149,5,1,1,1,1
C2-1155,6,1,1,1,1
C2-1158,5,1,1,1,1
C2-1159,8,1,1,1,1
C2-1160,14,0,1,1,1
C2-1180,10,1,1,1,1
C2-120,5,1,1,1,1
C2-1201,6,1,1,1,1
C2-1204,5,1,1,1,1
C2-1206,8,1,1,1,1
C2-1209,5,1,1,1,1
C2-1215,6,1,1,1,1
C2-1216,7,1,1,1,1
C2-1219,7,1,1,1,1
C2-1227,5,1,1,1,1
C2-123,7,1,1,1,1
C2-1424,5,1,1,1,1
C2-1482,8,1,1,1,1
C2-1494,11,0,1,1,1
C2-1505,11,0,1,1,1
C2-1510,5,1,1,1,1
C2-1518,7,1,1,1,1
C2-1520,5,1,1,1,1
C2-1523,6,1,1,1,1
C2-1526,5,1,1,1,1
C2-1539,6,1,1,1,1
C2-1555,5,1,1,1,1
C2-1558,5,1,1,1,1
C2-1559,9,1,1,1,1
C2-1563,5,1,1,1,1
C2-1569,9,1,1,1,1
C2-1578,8,1,1,1,1
C2-1579,5,1,1,1,1
C2-1580,10,1,1,1,1
C2-1582,6,1,1,1,1
C2-1590,7,1,1,1,1
C2-1614,8,1,1,1,1
C2-1617,6,1,1,1,1
C2-1622,9,1,1,1,1
C2-1623,5,1,1,1,1
C2-1628,6,1,1,1,1
C2-1629,7,1,1,1,1
C2-1630,6,1,1,1,1
C2-1632,5,1,1,1,1
C2-1633,6,1,1,1,1
C2-1637,5,1,1,1,1
C2-1643,14,0,1,1,1
C2-1663,6,1,1,1,1
C2-1667,6,1,1,1,1
C2-1669,9,1,1,1,1
C2-1671,8,1,1,1,1
C2-1674,6,1,1,1,1
C2-1676,6,1,1,1,1
C2-1679,9,1,1,1,1
C2-1686,7,1,1,1,1
C2-1691,16,0,1,1,1
C2-1695,12,0,1,1,1
C2-1710,7,1,1,1,1
C2-1712,5,1,1,1,1
C2-1722,6,1,1,1,1
C2-175,14,0,1,1,1
C2-179,5,1,1,1,1
C2-180,7,1,1,1,1
C2-1849,7,1,1,1,1
C2-185,11,0,1,1,1
C2-1854,6,1,1,1,1
C2-1858,5,1,1,1,1
C2-1860,6,1,1,1,1
C2-1874,9,1,1,1,1
C2-1881,6,1,1,1,1
C2-1886,7,1,1,1,1
C2-1894,7,1,1,1,1
C2-1898,6,1,1,1,1
C2-1899,6,1,1,1,1
C2-1900,20,0,1,1,1
C2-1909,9,1,1,1,1
C2-1911,6,1,1,1,1
C2-1915,8,1,1,1,1
C2-192,6,1,1,1,1
C2-1928,9,1,1,1,1
C2-2009,6,1,1,1,1
C2-2033,6,1,1,1,1
C2-2039,6,1,1,1,1
C2-2056,7,1,1,1,1
C2-2081,9,1,1,1,1
C2-2099,9,1,1,1,1
C2-2103,6,1,1,1,1
C2-2106,7,1,1,1,1
C2-2112,5,1,1,1,1
C2-212,10,1,1,1,1
C2-2132,10,1,1,1,1
C2-2151,5,1,1,1,1
C2-2181,11,0,1,1,1
C2-2188,5,1,1,1,1
C2-2212,6,1,1,1,1
C2-2216,11,0,1,1,1
C2-2230,5,1,1,1,1
C2-2233,6,1,1,1,1
C2-2242,5,1,1,1,1
C2-2251,8,1,1,1,1
C2-226,8,1,1,1,1
C2-2272,6,1,1,1,1
C2-2279,8,1,1,1,1
C2-2280,5,1,1,1,1
C2-2286,8,1,1,1,1
C2-2287,11,0,1,1,1
C2-2302,5,1,1,1,1
C2-2315,6,1,1,1,1
C2-2321,5,1,1,1,1
C2-2322,5,1,1,1,1
C2-2325,5,1,1,1,1
C2-2332,12,0,1,1,1
C2-237,5,1,1,1,1
C2-2387,5,1,1,1,1
C2-2388,9,1,1,1,1
C2-2389,9,1,1,1,1
C2-2393,7,1,1,1,1
C2-2395,6,1,1,1,1
C2-2396,6,1,1,1,1
C2-2400,7,1,1,1,1
C2-2404,14,0,1,1,1
C2-2407,39,0,0,0,1
C2-2416,10,1,1,1,1
C2-2419,15,0,1,1,1
C2-2433,5,1,1,1,1
C2-2438,12,0,1,1,1
C2-2447,5,1,1,1,1
C2-2450,10,1,1,1,1
C2-2452,5,1,1,1,1
C2-2456,5,1,1,1,1
C2-2459,7,1,1,1,1
C2-2469,11,0,1,1,1
C2-2470,5,1,1,1,1
C2-2471,9,1,1,1,1
C2-2472,9,1,1,1,1
C2-2478,7,1,1,1,1
C2-2479,7,1,1,1,1
C2-248,6,1,1,1,1
C2-2481,11,0,1,1,1
C2-2484,17,0,1,1,1
C2-2573,7,1,1,1,1
C2-2579,7,1,1,1,1
C2-2587,6,1,1,1,1
C2-2588,5,1,1,1,1
C2-2597,12,0,1,1,1
C2-260,7,1,1,1,1
C2-2600,7,1,1,1,1
C2-2607,7,1,1,1,1
C2-2608,6,1,1,1,1
C2-261,6,1,1,1,1
C2-2621,5,1,1,1,1
C2-2624,6,1,1,1,1
C2-2667,5,1,1,1,1
C2-2676,5,1,1,1,1
C2-2681,10,1,1,1,1
C2-2707,13,0,1,1,1
C2-2728,7,1,1,1,1
C2-2734,9,1,1,1,1
C2-2839,5,1,1,1,1
C2-2846,49,0,0,0,1
C2-2848,5,1,1,1,1
C2-2850,5,1,1,1,1
C2-35,8,1,1,1,1
C2-37,5,1,1,1,1
C2-399,7,1,1,1,1
C2-40,14,0,1,1,1
C2-409,5,1,1,1,1
C2-419,11,0,1,1,1
C2-435,5,1,1,1,1
C2-445,5,1,1,1,1
C2-490,5,1,1,1,1
C2-523,8,1,1,1,1
C2-526,8,1,1,1,1
C2-528,8,1,1,1,1
C2-532,9,1,1,1,1
C2-564,7,1,1,1,1
C2-580,5,1,1,1,1
C2-6,12,0,1,1,1
C2-620,5,1,1,1,1
C2-621,10,1,1,1,1
C2-623,5,1,1,1,1
C2-639,7,1,1,1,1
C2-641,7,1,1,1,1
C2-681,8,1,1,1,1
C2-690,6,1,1,1,1
C2-691,5,1,1,1,1
C2-693,6,1,1,1,1
C2-757,6,1,1,1,1
C2-76,5,1,1,1,1
C2-87,5,1,1,1,1
C2-9,5,1,1,1,1
C2-91,6,1,1,1,1
C2-99,6,1,1,1,1
C4-100,39,0,0,0,1
C4-1098,5,1,1,1,1
C4-1107,5,1,1,1,1
C4-1116,14,0,1,1,1
C4-1135,6,1,1,1,1
C4-1143,5,1,1,1,1
C4-1182,6,1,1,1,1
C4-1187,6,1,1,1,1
C4-1202,6,1,1,1,1
C4-1210,10,1,1,1,1
C4-1249,5,1,1,1,1
C4-1289,5,1,1,1,1
C4-1295,5,1,1,1,1
C4-1305,8,1,1,1,1
C4-1306,7,1,1,1,1
C4-1312,17,0,1,1,1
C4-1314,7,1,1,1,1
C4-1328,5,1,1,1,1
C4-1333,9,1,1,1,1
C4-1339,8,1,1,1,1
C4-1401,7,1,1,1,1
C4-141,8,1,1,1,1
C4-1415,9,1,1,1,1
C4-1453,12,0,1,1,1
C4-1461,5,1,1,1,1
C4-1494,8,1,1,1,1
C4-1512,7,1,1,1,1
C4-1530,6,1,1,1,1
C4-1558,11,0,1,1,1
C4-1577,8,1,1,1,1
C4-1578,9,1,1,1,1
C4-1579,6,1,1,1,1
C4-1580,5,1,1,1,1
C4-1641,8,1,1,1,1
C4-1652,6,1,1,1,1
C4-1659,7,1,1,1,1
C4-168,5,1,1,1,1
C4-1689,5,1,1,1,1
C4-1691,9,1,1,1,1
C4-1692,7,1,1,1,1
C4-170,6,1,1,1,1
C4-1702,5,1,1,1,1
C4-1707,9,1,1,1,1
C4-1792,5,1,1,1,1
C4-1811,9,1,1,1,1
C4-183,5,1,1,1,1
C4-1833,10,1,1,1,1
C4-1887,13,0,1,1,1
C4-1926,7,1,1,1,1
C4-2020,7,1,1,1,1
C4-2023,5,1,1,1,1
C4-2028,5,1,1,1,1
C4-2033,10,1,1,1,1
C4-2066,11,0,1,1,1
C4-2089,23,0,0,1,1
C4-2096,6,1,1,1,1
C4-2101,5,1,1,1,1
C4-2103,11,0,1,1,1
C4-2111,9,1,1,1,1
C4-2117,22,0,0,1,1
C4-2154,9,1,1,1,1
C4-2180,5,1,1,1,1
C4-2184,5,1,1,1,1
C4-2201,13,0,1,1,1
C4-2239,9,1,1,1,1
C4-2287,7,1,1,1,1
C4-2291,8,1,1,1,1
C4-2305,6,1,1,1,1
C4-2324,33,0,0,0,1
C4-2330,11,0,1,1,1
C4-2337,26,0,0,1,1
C4-2343,8,1,1,1,1
C4-2411,5,1,1,1,1
C4-2431,10,1,1,1,1
C4-2446,8,1,1,1,1
C4-2461,12,0,1,1,1
C4-2475,6,1,1,1,1
C4-2484,7,1,1,1,1
C4-2515,6,1,1,1,1
C4-2535,5,1,1,1,1
C4-2585,7,1,1,1,1
C4-2591,6,1,1,1,1
C4-2594,7,1,1,1,1
C4-2596,6,1,1,1,1
C4-2599,7,1,1,1,1
C4-2606,10,1,1,1,1
C4-2608,6,1,1,1,1
C4-2612,7,1,1,1,1
C4-56,10,1,1,1,1
C4-594,7,1,1,1,1
C4-680,7,1,1,1,1
C4-69,7,1,1,1,1
C4-714,11,0,1,1,1
C4-733,5,1,1,1,1
C4-749,7,1,1,1,1
C4-814,7,1,1,1,1
C4-94,7,1,1,1,1
